latitude,longitude,id_places,text,confidence,feed,start_time,end_time,department
39.7541919,-121.6064,PARADISE,justin maguire is clear and counting down from further bernie chatting find out for a little sixteen gonna be a second left the more it first melody three innovating should be out of paradise twenty second christopher james thousand five twenty seven eighty nine correction on deal he ll be five seven of eight coming orville sixteen thousand should be other rhib clear down i think melody so it is clear me seventy,0.8061013888888889,Oroville_Police_Fire,2018-11-08 06:59:15-08:00,2018-11-08 06:59:17-08:00,BOTH
37.4828526,-118.602213,PARADISE,justin maguire is clear and counting down from further bernie chatting find out for a little sixteen gonna be a second left the more it first melody three innovating should be out of paradise twenty second christopher james thousand five twenty seven eighty nine correction on deal he ll be five seven of eight coming orville sixteen thousand should be other rhib clear down i think melody so it is clear me seventy,0.8061013888888889,Oroville_Police_Fire,2018-11-08 06:59:15-08:00,2018-11-08 06:59:17-08:00,BOTH
39.4954747,-121.5600132,OROVILLE,left thirty eleven the one you re with and thirty seven having power line has been located on a road i ve sam thirty seven road area you have anyone for them to make they responded nord oroville water water for forty five oroville engine twenty one sixty one what s the project is still on the augmentation request of north is putting together a possible response as well copying again access is gonna be an issue so we get scouted out get one engine very aware of that let s have twenty one eighty six twenty one sixty seven respond berry creek twenty six and twenty one sixty one of the old area is just evacuate for breaking sixty one on fire one cameron s hustled a second fire an area of road just concow,0.7849753846153845,Chico_Paradise_Fire__CalFire,2018-11-08 07:04:34-08:00,2018-11-08 07:04:34-08:00,FIRE
39.6315367,-121.4053968,BERRY CREEK,left thirty eleven the one you re with and thirty seven having power line has been located on a road i ve sam thirty seven road area you have anyone for them to make they responded nord oroville water water for forty five oroville engine twenty one sixty one what s the project is still on the augmentation request of north is putting together a possible response as well copying again access is gonna be an issue so we get scouted out get one engine very aware of that let s have twenty one eighty six twenty one sixty seven respond berry creek twenty six and twenty one sixty one of the old area is just evacuate for breaking sixty one on fire one cameron s hustled a second fire an area of road just concow,0.7849753846153845,Chico_Paradise_Fire__CalFire,2018-11-08 07:04:34-08:00,2018-11-08 07:04:34-08:00,FIRE
39.7703164,-121.513493,CONCOW,left thirty eleven the one you re with and thirty seven having power line has been located on a road i ve sam thirty seven road area you have anyone for them to make they responded nord oroville water water for forty five oroville engine twenty one sixty one what s the project is still on the augmentation request of north is putting together a possible response as well copying again access is gonna be an issue so we get scouted out get one engine very aware of that let s have twenty one eighty six twenty one sixty seven respond berry creek twenty six and twenty one sixty one of the old area is just evacuate for breaking sixty one on fire one cameron s hustled a second fire an area of road just concow,0.7849753846153845,Chico_Paradise_Fire__CalFire,2018-11-08 07:04:34-08:00,2018-11-08 07:04:34-08:00,FIRE
39.7737878,-121.9549057,NORD,left thirty eleven the one you re with and thirty seven having power line has been located on a road i ve sam thirty seven road area you have anyone for them to make they responded nord oroville water water for forty five oroville engine twenty one sixty one what s the project is still on the augmentation request of north is putting together a possible response as well copying again access is gonna be an issue so we get scouted out get one engine very aware of that let s have twenty one eighty six twenty one sixty seven respond berry creek twenty six and twenty one sixty one of the old area is just evacuate for breaking sixty one on fire one cameron s hustled a second fire an area of road just concow,0.7849753846153845,Chico_Paradise_Fire__CalFire,2018-11-08 07:04:34-08:00,2018-11-08 07:04:34-08:00,FIRE
39.4954747,-121.5600132,OROVILLE,off your left keep twenty one eighty six twenty one sixty seven upstairs and have fun responded refrozen concow l wrote that out and just twenty one one oroville you confirming having twenty one eighty six respond durham rose was there anything further twenty twenty one fifty seven that would be the immediate threat to the community wake someone up phrase twenty one eighty six ninety one sixty seven danger sign that report from road for a second star,0.7871265822784809,Chico_Paradise_Fire__CalFire,2018-11-08 07:06:23-08:00,2018-11-08 07:06:23-08:00,FIRE
39.6293576,-121.7907705,DURHAM,off your left keep twenty one eighty six twenty one sixty seven upstairs and have fun responded refrozen concow l wrote that out and just twenty one one oroville you confirming having twenty one eighty six respond durham rose was there anything further twenty twenty one fifty seven that would be the immediate threat to the community wake someone up phrase twenty one eighty six ninety one sixty seven danger sign that report from road for a second star,0.7871265822784809,Chico_Paradise_Fire__CalFire,2018-11-08 07:06:23-08:00,2018-11-08 07:06:23-08:00,FIRE
39.7703164,-121.513493,CONCOW,off your left keep twenty one eighty six twenty one sixty seven upstairs and have fun responded refrozen concow l wrote that out and just twenty one one oroville you confirming having twenty one eighty six respond durham rose was there anything further twenty twenty one fifty seven that would be the immediate threat to the community wake someone up phrase twenty one eighty six ninety one sixty seven danger sign that report from road for a second star,0.7871265822784809,Chico_Paradise_Fire__CalFire,2018-11-08 07:06:23-08:00,2018-11-08 07:06:23-08:00,FIRE
39.4954747,-121.5600132,OROVILLE,oroville,0.5274,Chico_Paradise_Fire__CalFire,2018-11-08 07:08:19-08:00,2018-11-08 07:08:25-08:00,FIRE
39.4954747,-121.5600132,OROVILLE,oroville engine can t afford in eighty one just takes that second call we have a property owner i live across the street they will come back after and thirty three years early about numbers one five zero five five fifty fifty five anyone cancels what forty four thirty forty forty five help oroville you re coming with us nord came out of the katya photo to get a better look at it i m like yes,0.8152864864864866,Chico_Paradise_Fire__CalFire,2018-11-08 07:10:40-08:00,2018-11-08 07:10:40-08:00,FIRE
39.7737878,-121.9549057,NORD,oroville engine can t afford in eighty one just takes that second call we have a property owner i live across the street they will come back after and thirty three years early about numbers one five zero five five fifty fifty five anyone cancels what forty four thirty forty forty five help oroville you re coming with us nord came out of the katya photo to get a better look at it i m like yes,0.8152864864864866,Chico_Paradise_Fire__CalFire,2018-11-08 07:10:40-08:00,2018-11-08 07:10:40-08:00,FIRE
39.4954747,-121.5600132,OROVILLE,hundred eighty three friends just above a community of holding now heading directly towards home plate and just one sixty one oroville you re cutting in and out of copies just pulled ahead in first contact with the rapid rate of spread two three hundred here i want,0.7982936170212768,Chico_Paradise_Fire__CalFire,2018-11-08 07:11:28-08:00,2018-11-08 07:11:29-08:00,FIRE
39.4937385,-121.7507688,RICHVALE,way richvale four seven three virginia cancel really,0.6782625,Oroville_Fire,2018-11-08 07:11:59-08:00,2018-11-08 07:12:00-08:00,FIRE
39.4954747,-121.5600132,OROVILLE,oroville transport oroville transit transport,0.6317999999999999,Oroville_Fire,2018-11-08 07:12:35-08:00,2018-11-08 07:12:35-08:00,FIRE
39.4132906,-121.7100758,BIGGS,biggs,0.2006,Chico_Paradise_Fire__CalFire,2018-11-08 07:13:24-08:00,2018-11-08 07:13:25-08:00,FIRE
39.4954747,-121.5600132,OROVILLE,oroville sixteen contact one ball oroville sixteen actually be out with three oroville club still down,0.8311625,Oroville_Police_Fire,2018-11-08 07:13:38-08:00,2018-11-08 07:13:38-08:00,BOTH
39.4954747,-121.5600132,OROVILLE,oroville in three years and things of structure built actually we re turning back,0.5801076923076923,Chico_Paradise_Fire__CalFire,2018-11-08 07:13:42-08:00,2018-11-08 07:13:44-08:00,FIRE
39.4954747,-121.5600132,OROVILLE,oroville what stand by for now point one sixty one forty one seventy six start a second forgot it s already kind of cross in that area headed sort of concow area all of the resources pays state until we get a report back from mum that is twenty one can i see a coffee and this really is just medical resource quarter we have to strike teams of engine one from humbles one from last load off at the time and what s getting news not not they re attacking can i see it the least we can get something out of thirty zero one hundred there s also a type one helicopter out of the way god be with you overwater under forty years funding copy fire lines down state,0.7946445312499999,Chico_Paradise_Fire__CalFire,2018-11-08 07:16:04-08:00,2018-11-08 07:16:11-08:00,FIRE
39.7703164,-121.513493,CONCOW,oroville what stand by for now point one sixty one forty one seventy six start a second forgot it s already kind of cross in that area headed sort of concow area all of the resources pays state until we get a report back from mum that is twenty one can i see a coffee and this really is just medical resource quarter we have to strike teams of engine one from humbles one from last load off at the time and what s getting news not not they re attacking can i see it the least we can get something out of thirty zero one hundred there s also a type one helicopter out of the way god be with you overwater under forty years funding copy fire lines down state,0.7946445312499999,Chico_Paradise_Fire__CalFire,2018-11-08 07:16:04-08:00,2018-11-08 07:16:11-08:00,FIRE
39.6315367,-121.4053968,BERRY CREEK,transmitting any other year forty one eighteen for now toilet fifty one twenty one seventy six b fire full authority in that area headed towards concow area all of the resources needed to wait until we get a report back from month twenty one way of the one from couples want some low doc at this time any news berry creek,0.8179283333333334,Butte_Sheriff_Fire__Paradise_Police,2018-11-08 07:16:09-08:00,2018-11-08 07:16:17-08:00,BOTH
39.7703164,-121.513493,CONCOW,transmitting any other year forty one eighteen for now toilet fifty one twenty one seventy six b fire full authority in that area headed towards concow area all of the resources needed to wait until we get a report back from month twenty one way of the one from couples want some low doc at this time any news berry creek,0.8179283333333334,Butte_Sheriff_Fire__Paradise_Police,2018-11-08 07:16:09-08:00,2018-11-08 07:16:17-08:00,BOTH
39.7737878,-121.9549057,NORD,female parking nord,0.4363666666666666,Chico_Police_Dispatch,2018-11-08 07:17:02-08:00,2018-11-08 07:17:03-08:00,POLICE
39.7703164,-121.513493,CONCOW,can t but you can t be like the evacuation currently if they have a mandatory evacuation for pulled it out of this i have going way back you could tell that we re likely to get an evacuation warning concow,0.8239157894736843,Butte_Sheriff_Fire__Paradise_Police,2018-11-08 07:18:09-08:00,2018-11-08 07:18:13-08:00,BOTH
39.6963388,-121.5165419,YANKEE HILL,but wait twenty seven seventeen right yankee hill you re,0.8105875,Butte_Sheriff_Fire__Paradise_Police,2018-11-08 07:20:14-08:00,2018-11-08 07:20:17-08:00,BOTH
39.7554055,-121.8183895,CHICO,ninety seven chico returned thirty seven tell our valley has a follow that previously being suicidal hostile to beauty currently clear with contacts,0.763091304347826,Chico_Police_Dispatch,2018-11-08 07:21:47-08:00,2018-11-08 07:21:47-08:00,POLICE
39.4132906,-121.7100758,BIGGS,copy check local on michael harrigan a thirteen of eighty correction eight fifteen of eighteen how s it going something here get cleared get out biggs it s also clear you copy right,0.684409677419355,Oroville_Police_Fire,2018-11-08 07:22:17-08:00,2018-11-08 07:22:17-08:00,BOTH
39.7737878,-121.9549057,NORD,twenty six he weighed notification and they were coming out twenty one seventy six down there fire brother down rolling back into phrase wait you re coming out of our way horrible twenty one evacuate id if they have a representative a lot divide the floor has been evacuated if you could have them and then nord starts going toward area we re probably gonna have an evacuation in the camelot area having fun entry they work their way back towards god and have them have a representative would you like any evacuate morning we re working on it exact area is part of the first morning twenty five phrase wayne has that thing with you wait what,0.8001373913043478,Butte_Sheriff_Fire__Paradise_Police,2018-11-08 07:23:37-08:00,2018-11-08 07:23:37-08:00,BOTH
39.7703164,-121.513493,CONCOW,call in a personal way help with exactly concow,0.7042444444444445,Butte_Sheriff_Fire__Paradise_Police,2018-11-08 07:26:11-08:00,2018-11-08 07:26:11-08:00,BOTH
39.4954747,-121.5600132,OROVILLE,soundslike can t you see he s just a warning like the evacuation currently if they have a mandatory evacuations tow pulled them out of this that s it for now i have it s all really about i can t you could tell that will likely begin evacuation forty additionally he has devised that power softly out of the mountain and it is on propane oroville water two hundred twenty seven responding copy paralyzed water for twenty seven years in a state of shooters on highway seventy biggs arrived second you re confident all the residents are out of school guy just had a number of years and i want to get turned around and had invested in the way okay that was twenty one sixty one year always made notifications pulled up and they were coming out twenty one seventy six down their fires just put it down and roll exactly wait get some on the other side there s a bigger problem once we get the fourth river three forces coming down a man s barn like taking hold highway seventeen horrible s just twenty one years responding to campus anyone care to hazard smoke a has been evacuate they could have a representative cast the last trump i can t divide the sheriff called ahead evacuate too personal if you could have them there has there ever resource is starts going towards valeria we re probably gonna have evacuation the camelot area can t be coming coming this tree sources concow cherokee that s history force their way back towards concow have them have a representative would you like me evacuate morning to the contrary we re working on a factory in vernon seven twenty straight to the point where there were a couple that power line on the savings would be a leader is not how it is company what is your location oroville transport money for us transfer twenty one forty what oroville oroville prevention twenty one twenty seven responding camp is that it perfect twenty seven oroville harland what you want thank you can t you catholic can t buy correct on the incoming resource is one from samples with now zero nine hundred second strike unit will be from any you not lost yet nord teo down highway seventy and that s for sure science can t by cia for peas shut down if we can buy starting an end point highway seventy that on the other hand bye can you throw that coffee yes highway seventy and ten on the of the end of which canaria belden fire you re twenty one eighty six,0.7667981132075471,Chico_Paradise_Fire__CalFire,2018-11-08 07:28:08-08:00,2018-11-08 07:28:11-08:00,FIRE
39.4132906,-121.7100758,BIGGS,soundslike can t you see he s just a warning like the evacuation currently if they have a mandatory evacuations tow pulled them out of this that s it for now i have it s all really about i can t you could tell that will likely begin evacuation forty additionally he has devised that power softly out of the mountain and it is on propane oroville water two hundred twenty seven responding copy paralyzed water for twenty seven years in a state of shooters on highway seventy biggs arrived second you re confident all the residents are out of school guy just had a number of years and i want to get turned around and had invested in the way okay that was twenty one sixty one year always made notifications pulled up and they were coming out twenty one seventy six down their fires just put it down and roll exactly wait get some on the other side there s a bigger problem once we get the fourth river three forces coming down a man s barn like taking hold highway seventeen horrible s just twenty one years responding to campus anyone care to hazard smoke a has been evacuate they could have a representative cast the last trump i can t divide the sheriff called ahead evacuate too personal if you could have them there has there ever resource is starts going towards valeria we re probably gonna have evacuation the camelot area can t be coming coming this tree sources concow cherokee that s history force their way back towards concow have them have a representative would you like me evacuate morning to the contrary we re working on a factory in vernon seven twenty straight to the point where there were a couple that power line on the savings would be a leader is not how it is company what is your location oroville transport money for us transfer twenty one forty what oroville oroville prevention twenty one twenty seven responding camp is that it perfect twenty seven oroville harland what you want thank you can t you catholic can t buy correct on the incoming resource is one from samples with now zero nine hundred second strike unit will be from any you not lost yet nord teo down highway seventy and that s for sure science can t by cia for peas shut down if we can buy starting an end point highway seventy that on the other hand bye can you throw that coffee yes highway seventy and ten on the of the end of which canaria belden fire you re twenty one eighty six,0.7667981132075471,Chico_Paradise_Fire__CalFire,2018-11-08 07:28:08-08:00,2018-11-08 07:28:11-08:00,FIRE
39.7703164,-121.513493,CONCOW,soundslike can t you see he s just a warning like the evacuation currently if they have a mandatory evacuations tow pulled them out of this that s it for now i have it s all really about i can t you could tell that will likely begin evacuation forty additionally he has devised that power softly out of the mountain and it is on propane oroville water two hundred twenty seven responding copy paralyzed water for twenty seven years in a state of shooters on highway seventy biggs arrived second you re confident all the residents are out of school guy just had a number of years and i want to get turned around and had invested in the way okay that was twenty one sixty one year always made notifications pulled up and they were coming out twenty one seventy six down their fires just put it down and roll exactly wait get some on the other side there s a bigger problem once we get the fourth river three forces coming down a man s barn like taking hold highway seventeen horrible s just twenty one years responding to campus anyone care to hazard smoke a has been evacuate they could have a representative cast the last trump i can t divide the sheriff called ahead evacuate too personal if you could have them there has there ever resource is starts going towards valeria we re probably gonna have evacuation the camelot area can t be coming coming this tree sources concow cherokee that s history force their way back towards concow have them have a representative would you like me evacuate morning to the contrary we re working on a factory in vernon seven twenty straight to the point where there were a couple that power line on the savings would be a leader is not how it is company what is your location oroville transport money for us transfer twenty one forty what oroville oroville prevention twenty one twenty seven responding camp is that it perfect twenty seven oroville harland what you want thank you can t you catholic can t buy correct on the incoming resource is one from samples with now zero nine hundred second strike unit will be from any you not lost yet nord teo down highway seventy and that s for sure science can t by cia for peas shut down if we can buy starting an end point highway seventy that on the other hand bye can you throw that coffee yes highway seventy and ten on the of the end of which canaria belden fire you re twenty one eighty six,0.7667981132075471,Chico_Paradise_Fire__CalFire,2018-11-08 07:28:08-08:00,2018-11-08 07:28:11-08:00,FIRE
39.7737878,-121.9549057,NORD,soundslike can t you see he s just a warning like the evacuation currently if they have a mandatory evacuations tow pulled them out of this that s it for now i have it s all really about i can t you could tell that will likely begin evacuation forty additionally he has devised that power softly out of the mountain and it is on propane oroville water two hundred twenty seven responding copy paralyzed water for twenty seven years in a state of shooters on highway seventy biggs arrived second you re confident all the residents are out of school guy just had a number of years and i want to get turned around and had invested in the way okay that was twenty one sixty one year always made notifications pulled up and they were coming out twenty one seventy six down their fires just put it down and roll exactly wait get some on the other side there s a bigger problem once we get the fourth river three forces coming down a man s barn like taking hold highway seventeen horrible s just twenty one years responding to campus anyone care to hazard smoke a has been evacuate they could have a representative cast the last trump i can t divide the sheriff called ahead evacuate too personal if you could have them there has there ever resource is starts going towards valeria we re probably gonna have evacuation the camelot area can t be coming coming this tree sources concow cherokee that s history force their way back towards concow have them have a representative would you like me evacuate morning to the contrary we re working on a factory in vernon seven twenty straight to the point where there were a couple that power line on the savings would be a leader is not how it is company what is your location oroville transport money for us transfer twenty one forty what oroville oroville prevention twenty one twenty seven responding camp is that it perfect twenty seven oroville harland what you want thank you can t you catholic can t buy correct on the incoming resource is one from samples with now zero nine hundred second strike unit will be from any you not lost yet nord teo down highway seventy and that s for sure science can t by cia for peas shut down if we can buy starting an end point highway seventy that on the other hand bye can you throw that coffee yes highway seventy and ten on the of the end of which canaria belden fire you re twenty one eighty six,0.7667981132075471,Chico_Paradise_Fire__CalFire,2018-11-08 07:28:08-08:00,2018-11-08 07:28:11-08:00,FIRE
39.6508775,-121.5336463,CHEROKEE,soundslike can t you see he s just a warning like the evacuation currently if they have a mandatory evacuations tow pulled them out of this that s it for now i have it s all really about i can t you could tell that will likely begin evacuation forty additionally he has devised that power softly out of the mountain and it is on propane oroville water two hundred twenty seven responding copy paralyzed water for twenty seven years in a state of shooters on highway seventy biggs arrived second you re confident all the residents are out of school guy just had a number of years and i want to get turned around and had invested in the way okay that was twenty one sixty one year always made notifications pulled up and they were coming out twenty one seventy six down their fires just put it down and roll exactly wait get some on the other side there s a bigger problem once we get the fourth river three forces coming down a man s barn like taking hold highway seventeen horrible s just twenty one years responding to campus anyone care to hazard smoke a has been evacuate they could have a representative cast the last trump i can t divide the sheriff called ahead evacuate too personal if you could have them there has there ever resource is starts going towards valeria we re probably gonna have evacuation the camelot area can t be coming coming this tree sources concow cherokee that s history force their way back towards concow have them have a representative would you like me evacuate morning to the contrary we re working on a factory in vernon seven twenty straight to the point where there were a couple that power line on the savings would be a leader is not how it is company what is your location oroville transport money for us transfer twenty one forty what oroville oroville prevention twenty one twenty seven responding camp is that it perfect twenty seven oroville harland what you want thank you can t you catholic can t buy correct on the incoming resource is one from samples with now zero nine hundred second strike unit will be from any you not lost yet nord teo down highway seventy and that s for sure science can t by cia for peas shut down if we can buy starting an end point highway seventy that on the other hand bye can you throw that coffee yes highway seventy and ten on the of the end of which canaria belden fire you re twenty one eighty six,0.7667981132075471,Chico_Paradise_Fire__CalFire,2018-11-08 07:28:08-08:00,2018-11-08 07:28:11-08:00,FIRE
39.7554055,-121.8183895,CHICO,it s five a report of an illegal burn unknown address please eighth street and fruit road probably in the belmont area unnoticed is the county address or not chico fire zero seven twenty,0.8464181818181818,Chico_Paradise_Fire__CalFire,2018-11-08 07:28:38-08:00,2018-11-08 07:28:38-08:00,FIRE
39.4132906,-121.7100758,BIGGS,concow evacuate biggs thanks,0.672925,Butte_Sheriff_Fire__Paradise_Police,2018-11-08 07:30:38-08:00,2018-11-08 07:30:40-08:00,BOTH
39.7703164,-121.513493,CONCOW,concow evacuate biggs thanks,0.672925,Butte_Sheriff_Fire__Paradise_Police,2018-11-08 07:30:38-08:00,2018-11-08 07:30:40-08:00,BOTH
39.9027142,-121.7448212,COHASSET,stress one engine one medic traffic accident probably four five vehicles involved southdown highway ninety nine cohasset engine one and trust one traffic accident southdown highway ninety nine,0.9291642857142858,Chico_Police_Dispatch,2018-11-08 07:31:39-08:00,2018-11-08 07:31:45-08:00,POLICE
39.9027142,-121.7448212,COHASSET,stress one engine one medic traffic accident probably four five vehicles involved southdown highway ninety nine cohasset engine one and trust one traffic accident southdown highway ninety nine,0.9291642857142858,Chico_Police_Dispatch,2018-11-08 07:31:39-08:00,2018-11-08 07:31:45-08:00,POLICE
39.7554055,-121.8183895,CHICO,unknown on injuries we ll be advising you to be at least forty five vehicles involved chico fire zero seven thirty,0.8568899999999999,Chico_Police_Dispatch,2018-11-08 07:31:48-08:00,2018-11-08 07:31:49-08:00,POLICE
39.7703164,-121.513493,CONCOW,was your biggest i think you re making me years of it you re getting engine eighty years one two three and those tender twenty one forty nord good can t fight they were reported to large thoughts in a yard and a resident and concow with an address phrase one three three nine zero thirty three nights metal springs road,0.8483775862068965,Chico_Paradise_Fire__CalFire,2018-11-08 07:31:56-08:00,2018-11-08 07:31:56-08:00,FIRE
39.7737878,-121.9549057,NORD,was your biggest i think you re making me years of it you re getting engine eighty years one two three and those tender twenty one forty nord good can t fight they were reported to large thoughts in a yard and a resident and concow with an address phrase one three three nine zero thirty three nights metal springs road,0.8483775862068965,Chico_Paradise_Fire__CalFire,2018-11-08 07:31:56-08:00,2018-11-08 07:31:56-08:00,FIRE
39.7703164,-121.513493,CONCOW,right now i m gonna make you you are going to get eighty two twenty one you re making me twenty one eight two one three and twenty one forty thank you good and i say we reported to lark pots and a yard residents and concow,0.8574800000000001,Butte_Sheriff_Fire__Paradise_Police,2018-11-08 07:32:10-08:00,2018-11-08 07:32:10-08:00,BOTH
39.7554055,-121.8183895,CHICO,chico fire,0.7065,Chico_Police_Dispatch,2018-11-08 07:32:49-08:00,2018-11-08 07:32:49-08:00,POLICE
39.9027142,-121.7448212,COHASSET,interesting one traffic accident out on highway ninety nine cohasset i m not on injuries we ll be advising you to be at least forty five vehicles fire zero seven thirty two take a fire engine too available always wanted place eventually engine to a place of engine one zero seven thirty years,0.8531411764705883,Chico_Paradise_Fire__CalFire,2018-11-08 07:32:51-08:00,2018-11-08 07:32:51-08:00,FIRE
39.9027142,-121.7448212,COHASSET,interesting one traffic accident out on highway ninety nine cohasset i m not on injuries we ll be advising you to be at least forty five vehicles fire zero seven thirty two take a fire engine too available always wanted place eventually engine to a place of engine one zero seven thirty years,0.8531411764705883,Chico_Paradise_Fire__CalFire,2018-11-08 07:32:51-08:00,2018-11-08 07:32:51-08:00,FIRE
39.4954747,-121.5600132,OROVILLE,that s fine oroville twenty one thirteen before you,0.6507375,Chico_Paradise_Fire__CalFire,2018-11-08 07:33:07-08:00,2018-11-08 07:33:07-08:00,FIRE
39.4954747,-121.5600132,OROVILLE,on one three three nine zero three nineteen twenty forty utility for waiting what durham oroville twenty one thirteen in service for years oroville refund of the camp right biggs he was tryingto evacuate engine nord do you want,0.6921,Butte_Sheriff_Fire__Paradise_Police,2018-11-08 07:34:43-08:00,2018-11-08 07:34:44-08:00,BOTH
39.6293576,-121.7907705,DURHAM,on one three three nine zero three nineteen twenty forty utility for waiting what durham oroville twenty one thirteen in service for years oroville refund of the camp right biggs he was tryingto evacuate engine nord do you want,0.6921,Butte_Sheriff_Fire__Paradise_Police,2018-11-08 07:34:43-08:00,2018-11-08 07:34:44-08:00,BOTH
39.4132906,-121.7100758,BIGGS,on one three three nine zero three nineteen twenty forty utility for waiting what durham oroville twenty one thirteen in service for years oroville refund of the camp right biggs he was tryingto evacuate engine nord do you want,0.6921,Butte_Sheriff_Fire__Paradise_Police,2018-11-08 07:34:43-08:00,2018-11-08 07:34:44-08:00,BOTH
39.7737878,-121.9549057,NORD,on one three three nine zero three nineteen twenty forty utility for waiting what durham oroville twenty one thirteen in service for years oroville refund of the camp right biggs he was tryingto evacuate engine nord do you want,0.6921,Butte_Sheriff_Fire__Paradise_Police,2018-11-08 07:34:43-08:00,2018-11-08 07:34:44-08:00,BOTH
39.4954747,-121.5600132,OROVILLE,fifteen leave us with appropriate overhead really engine sixty one earlier resource requests fifteen engine four water tender four can t fight the oroville started happening,0.8197680000000002,Chico_Paradise_Fire__CalFire,2018-11-08 07:34:44-08:00,2018-11-08 07:34:45-08:00,FIRE
39.4954747,-121.5600132,OROVILLE,can t like the oroville priority traffic done can t be reported fire spreading structure three four eight concow nord,0.8565166666666667,Chico_Paradise_Fire__CalFire,2018-11-08 07:35:11-08:00,2018-11-08 07:35:12-08:00,FIRE
39.7703164,-121.513493,CONCOW,can t like the oroville priority traffic done can t be reported fire spreading structure three four eight concow nord,0.8565166666666667,Chico_Paradise_Fire__CalFire,2018-11-08 07:35:11-08:00,2018-11-08 07:35:12-08:00,FIRE
39.7737878,-121.9549057,NORD,can t like the oroville priority traffic done can t be reported fire spreading structure three four eight concow nord,0.8565166666666667,Chico_Paradise_Fire__CalFire,2018-11-08 07:35:11-08:00,2018-11-08 07:35:12-08:00,FIRE
39.4954747,-121.5600132,OROVILLE,can t be oroville did you coffee report of a fire standing to a structure three four eight north of concow concow,0.8841666666666667,Chico_Paradise_Fire__CalFire,2018-11-08 07:35:46-08:00,2018-11-08 07:35:46-08:00,FIRE
39.7703164,-121.513493,CONCOW,can t be oroville did you coffee report of a fire standing to a structure three four eight north of concow concow,0.8841666666666667,Chico_Paradise_Fire__CalFire,2018-11-08 07:35:46-08:00,2018-11-08 07:35:46-08:00,FIRE
39.7554055,-121.8183895,CHICO,last year it was traffic you have information for fire and you have traffic chico fire,0.9413125,Chico_Police_Dispatch,2018-11-08 07:36:07-08:00,2018-11-08 07:36:08-08:00,POLICE
39.9027142,-121.7448212,COHASSET,fire engine do that scene of the south found and i just nord cohasset we ll be taking on injuries one scene is lost,0.8020217391304348,Chico_Police_Dispatch,2018-11-08 07:36:20-08:00,2018-11-08 07:36:21-08:00,POLICE
39.9027142,-121.7448212,COHASSET,fire engine do that scene of the south found and i just nord cohasset we ll be taking on injuries one scene is lost,0.8020217391304348,Chico_Police_Dispatch,2018-11-08 07:36:20-08:00,2018-11-08 07:36:21-08:00,POLICE
39.7737878,-121.9549057,NORD,fire engine do that scene of the south found and i just nord cohasset we ll be taking on injuries one scene is lost,0.8020217391304348,Chico_Police_Dispatch,2018-11-08 07:36:20-08:00,2018-11-08 07:36:21-08:00,POLICE
39.4954747,-121.5600132,OROVILLE,forming a hardware on highway phrase today break soundslike oroville confirming it like he does like to make it back mandatory for concow affirmative,0.7942291666666668,Chico_Paradise_Fire__CalFire,2018-11-08 07:36:34-08:00,2018-11-08 07:36:36-08:00,FIRE
39.7703164,-121.513493,CONCOW,forming a hardware on highway phrase today break soundslike oroville confirming it like he does like to make it back mandatory for concow affirmative,0.7942291666666668,Chico_Paradise_Fire__CalFire,2018-11-08 07:36:34-08:00,2018-11-08 07:36:36-08:00,FIRE
39.9027142,-121.7448212,COHASSET,nord cohasset or god we checked on every general won and lost how the edge of one has seen as well thirty six,0.7817434782608694,Chico_Paradise_Fire__CalFire,2018-11-08 07:36:51-08:00,2018-11-08 07:36:52-08:00,FIRE
39.9027142,-121.7448212,COHASSET,nord cohasset or god we checked on every general won and lost how the edge of one has seen as well thirty six,0.7817434782608694,Chico_Paradise_Fire__CalFire,2018-11-08 07:36:51-08:00,2018-11-08 07:36:52-08:00,FIRE
39.7737878,-121.9549057,NORD,nord cohasset or god we checked on every general won and lost how the edge of one has seen as well thirty six,0.7817434782608694,Chico_Paradise_Fire__CalFire,2018-11-08 07:36:51-08:00,2018-11-08 07:36:52-08:00,FIRE
39.7541919,-121.6064,PARADISE,evacuate warning for all night paradise like the oroville reported fire three four eight concow nord concow soundslike oroville you coffee a report of a fire spending three four eight eight north of concow additionally i m being biggs point is going to be smooth coming wake up oroville company like me make mandatory concow,0.86635,Butte_Sheriff_Fire__Paradise_Police,2018-11-08 07:37:05-08:00,2018-11-08 07:37:05-08:00,BOTH
37.4828526,-118.602213,PARADISE,evacuate warning for all night paradise like the oroville reported fire three four eight concow nord concow soundslike oroville you coffee a report of a fire spending three four eight eight north of concow additionally i m being biggs point is going to be smooth coming wake up oroville company like me make mandatory concow,0.86635,Butte_Sheriff_Fire__Paradise_Police,2018-11-08 07:37:05-08:00,2018-11-08 07:37:05-08:00,BOTH
39.4954747,-121.5600132,OROVILLE,evacuate warning for all night paradise like the oroville reported fire three four eight concow nord concow soundslike oroville you coffee a report of a fire spending three four eight eight north of concow additionally i m being biggs point is going to be smooth coming wake up oroville company like me make mandatory concow,0.86635,Butte_Sheriff_Fire__Paradise_Police,2018-11-08 07:37:05-08:00,2018-11-08 07:37:05-08:00,BOTH
39.4132906,-121.7100758,BIGGS,evacuate warning for all night paradise like the oroville reported fire three four eight concow nord concow soundslike oroville you coffee a report of a fire spending three four eight eight north of concow additionally i m being biggs point is going to be smooth coming wake up oroville company like me make mandatory concow,0.86635,Butte_Sheriff_Fire__Paradise_Police,2018-11-08 07:37:05-08:00,2018-11-08 07:37:05-08:00,BOTH
39.7703164,-121.513493,CONCOW,evacuate warning for all night paradise like the oroville reported fire three four eight concow nord concow soundslike oroville you coffee a report of a fire spending three four eight eight north of concow additionally i m being biggs point is going to be smooth coming wake up oroville company like me make mandatory concow,0.86635,Butte_Sheriff_Fire__Paradise_Police,2018-11-08 07:37:05-08:00,2018-11-08 07:37:05-08:00,BOTH
39.7737878,-121.9549057,NORD,evacuate warning for all night paradise like the oroville reported fire three four eight concow nord concow soundslike oroville you coffee a report of a fire spending three four eight eight north of concow additionally i m being biggs point is going to be smooth coming wake up oroville company like me make mandatory concow,0.86635,Butte_Sheriff_Fire__Paradise_Police,2018-11-08 07:37:05-08:00,2018-11-08 07:37:05-08:00,BOTH
39.4954747,-121.5600132,OROVILLE,to our stage four incidents saving and isis has been loosed yankee hill hardware on highway seventy seven phrase and thirty three oroville are you available oroville there s a little thirty three smoke thirty three company thirty three medics medical saying six to four five avery cross the road engine anyone oroville vicar one confirming,0.8170925925925927,Chico_Paradise_Fire__CalFire,2018-11-08 07:39:27-08:00,2018-11-08 07:39:28-08:00,FIRE
39.6963388,-121.5165419,YANKEE HILL,to our stage four incidents saving and isis has been loosed yankee hill hardware on highway seventy seven phrase and thirty three oroville are you available oroville there s a little thirty three smoke thirty three company thirty three medics medical saying six to four five avery cross the road engine anyone oroville vicar one confirming,0.8170925925925927,Chico_Paradise_Fire__CalFire,2018-11-08 07:39:27-08:00,2018-11-08 07:39:28-08:00,FIRE
39.6508775,-121.5336463,CHEROKEE,entering the count cherokee,0.8239249999999999,Chico_Paradise_Fire__CalFire,2018-11-08 07:39:57-08:00,2018-11-08 07:39:59-08:00,FIRE
39.6315367,-121.4053968,BERRY CREEK,five berry creek anyone firming respond that way berry creek saving kind taking over where one one zero zero seventeen,0.7732555555555556,Butte_Sheriff_Fire__Paradise_Police,2018-11-08 07:40:44-08:00,2018-11-08 07:40:45-08:00,BOTH
39.4954747,-121.5600132,OROVILLE,mostly like coming in twenty one aatif oroville,0.755325,Butte_Sheriff_Fire__Paradise_Police,2018-11-08 07:41:13-08:00,2018-11-08 07:41:13-08:00,BOTH
39.4954747,-121.5600132,OROVILLE,smoke soundslike starting in twenty four eighty four oroville i m unable to get a hold of the icy roads wait just down here i don t know if you can relate to you at least five strike came down in this area kind of elderly people look up to him at all attacks and we got a structures are burning down here,0.7867999999999999,Chico_Paradise_Fire__CalFire,2018-11-08 07:41:15-08:00,2018-11-08 07:41:20-08:00,FIRE
39.4132906,-121.7100758,BIGGS,by twenty one seven in the area road report multiple structures on fire at this time requesting five to respond that we have five inches from the unit were about this city engine any striking you can buy the ticket with that order he was one of the starting a company posting concow twenty one hundred biggs delta can t be good yeah just wait for spots across the lake on the north west side already and that pretty well established i like east or north of for the lake,0.8253033707865168,Chico_Paradise_Fire__CalFire,2018-11-08 07:43:05-08:00,2018-11-08 07:43:06-08:00,FIRE
39.7703164,-121.513493,CONCOW,by twenty one seven in the area road report multiple structures on fire at this time requesting five to respond that we have five inches from the unit were about this city engine any striking you can buy the ticket with that order he was one of the starting a company posting concow twenty one hundred biggs delta can t be good yeah just wait for spots across the lake on the north west side already and that pretty well established i like east or north of for the lake,0.8253033707865168,Chico_Paradise_Fire__CalFire,2018-11-08 07:43:05-08:00,2018-11-08 07:43:06-08:00,FIRE
39.6963388,-121.5165419,YANKEE HILL,captain yeah yankee hill,0.7725,Chico_Police_Dispatch,2018-11-08 07:43:15-08:00,2018-11-08 07:43:16-08:00,POLICE
39.7737878,-121.9549057,NORD,that was like nord,0.878775,Butte_Sheriff_Fire__Paradise_Police,2018-11-08 07:43:23-08:00,2018-11-08 07:43:25-08:00,BOTH
39.7554055,-121.8183895,CHICO,chico agnes and the great here let s start with us nothing never stand by forthem mandatory evacuations richvale phrase paradise so that the zone three eight fourteen and lower cantrow two and everything north of highway seventy mandatory evacuations,0.8000615384615385,Chico_Paradise_Fire__CalFire,2018-11-08 07:45:59-08:00,2018-11-08 07:45:59-08:00,FIRE
39.7541919,-121.6064,PARADISE,chico agnes and the great here let s start with us nothing never stand by forthem mandatory evacuations richvale phrase paradise so that the zone three eight fourteen and lower cantrow two and everything north of highway seventy mandatory evacuations,0.8000615384615385,Chico_Paradise_Fire__CalFire,2018-11-08 07:45:59-08:00,2018-11-08 07:45:59-08:00,FIRE
37.4828526,-118.602213,PARADISE,chico agnes and the great here let s start with us nothing never stand by forthem mandatory evacuations richvale phrase paradise so that the zone three eight fourteen and lower cantrow two and everything north of highway seventy mandatory evacuations,0.8000615384615385,Chico_Paradise_Fire__CalFire,2018-11-08 07:45:59-08:00,2018-11-08 07:45:59-08:00,FIRE
39.4937385,-121.7507688,RICHVALE,chico agnes and the great here let s start with us nothing never stand by forthem mandatory evacuations richvale phrase paradise so that the zone three eight fourteen and lower cantrow two and everything north of highway seventy mandatory evacuations,0.8000615384615385,Chico_Paradise_Fire__CalFire,2018-11-08 07:45:59-08:00,2018-11-08 07:45:59-08:00,FIRE
39.7703164,-121.513493,CONCOW,looks like you know what side of concow alec or nord away one five four three and anyone the american medical difficulty breathing one five four three eight lane tavern ailing you ll find a medical believe video smoke anyone ordered any additional kids on that train here but with forty four sports it is a country wait don t three eight four wait seventy mandatory evacuations before,0.7798742424242424,Butte_Sheriff_Fire__Paradise_Police,2018-11-08 07:46:19-08:00,2018-11-08 07:46:19-08:00,BOTH
39.7737878,-121.9549057,NORD,looks like you know what side of concow alec or nord away one five four three and anyone the american medical difficulty breathing one five four three eight lane tavern ailing you ll find a medical believe video smoke anyone ordered any additional kids on that train here but with forty four sports it is a country wait don t three eight four wait seventy mandatory evacuations before,0.7798742424242424,Butte_Sheriff_Fire__Paradise_Police,2018-11-08 07:46:19-08:00,2018-11-08 07:46:19-08:00,BOTH
39.6963388,-121.5165419,YANKEE HILL,can t before sixty three and twenty one sixty for just twenty one sixty five sixty nine responded in camp staging and yankee hill hardware on highway seventy seven support,0.8410464285714286,Chico_Paradise_Fire__CalFire,2018-11-08 07:47:22-08:00,2018-11-08 07:47:22-08:00,FIRE
39.4954747,-121.5600132,OROVILLE,last minute thing oroville for twenty five forty two for twenty five forty two it was a fun fact imitation of campus carl thank you delta bility forty four displayas horrible forty nine from here on campus and twenty one six years from your camp,0.7671977777777779,Chico_Paradise_Fire__CalFire,2018-11-08 07:49:28-08:00,2018-11-08 07:49:29-08:00,FIRE
39.4954747,-121.5600132,OROVILLE,utility forty four biggs anyone coming on local point oroville unable,0.9095090909090909,Butte_Sheriff_Fire__Paradise_Police,2018-11-08 07:49:41-08:00,2018-11-08 07:49:42-08:00,BOTH
39.4132906,-121.7100758,BIGGS,utility forty four biggs anyone coming on local point oroville unable,0.9095090909090909,Butte_Sheriff_Fire__Paradise_Police,2018-11-08 07:49:41-08:00,2018-11-08 07:49:42-08:00,BOTH
39.4954747,-121.5600132,OROVILLE,i think delta are you local fifty nine years oroville i don t need anyone anyone i see go ahead,0.6967684210526316,Chico_Paradise_Fire__CalFire,2018-11-08 07:50:57-08:00,2018-11-08 07:50:57-08:00,FIRE
39.4954747,-121.5600132,OROVILLE,engine anyone wait twenty one one more one more a medical team waiting one more three gay light on the camera one five three never three and six foreign ways oroville i can t i don t know,0.6767638888888889,Oroville_Fire,2018-11-08 07:51:00-08:00,2018-11-08 07:51:00-08:00,FIRE
39.7703164,-121.513493,CONCOW,to get out green four above camelot i believe right now they don t have another great playoff concow there you are with over people everywhere you go ahead i ll go check on,0.7693031250000001,Butte_Sheriff_Fire__Paradise_Police,2018-11-08 07:51:17-08:00,2018-11-08 07:51:18-08:00,BOTH
39.4954747,-121.5600132,OROVILLE,is one three four seven one three four plainclothes concow wait nord a lot of wait teo fire down here all right wait oroville,0.7841333333333335,Butte_Sheriff_Fire__Paradise_Police,2018-11-08 07:52:39-08:00,2018-11-08 07:52:39-08:00,BOTH
39.7703164,-121.513493,CONCOW,is one three four seven one three four plainclothes concow wait nord a lot of wait teo fire down here all right wait oroville,0.7841333333333335,Butte_Sheriff_Fire__Paradise_Police,2018-11-08 07:52:39-08:00,2018-11-08 07:52:39-08:00,BOTH
39.7737878,-121.9549057,NORD,is one three four seven one three four plainclothes concow wait nord a lot of wait teo fire down here all right wait oroville,0.7841333333333335,Butte_Sheriff_Fire__Paradise_Police,2018-11-08 07:52:39-08:00,2018-11-08 07:52:39-08:00,BOTH
39.4954747,-121.5600132,OROVILLE,have ah probably very large spot on the backside of george hill road area right now oroville air taxi was there where are you going around campus you know what about the south nature s close this little six one place stick highpoint helicopters captain graders around oroville along restores oroville alarm,0.7674333333333333,Chico_Paradise_Fire__CalFire,2018-11-08 07:52:51-08:00,2018-11-08 07:52:52-08:00,FIRE
39.7703164,-121.513493,CONCOW,god can t fight the report of a possible entrapment harvey advising they cannot evacuate fire one three five to six thirteen five twenty six green forest lane in the concow area one three five six green for division s delta you copy that fire it s got traffic travelled at what three five six green forest place can you sort that,0.8407406779661017,Chico_Paradise_Fire__CalFire,2018-11-08 07:53:56-08:00,2018-11-08 07:53:56-08:00,FIRE
39.7703164,-121.513493,CONCOW,can t write a report of a possible in our p s i think they cannot evacuate fire one three five six five twenty six clean for plain in the concow area green four planes come on wait wait wait forty one that that,0.7844651162790698,Butte_Sheriff_Fire__Paradise_Police,2018-11-08 07:54:16-08:00,2018-11-08 07:54:19-08:00,BOTH
39.6688044,-121.6458891,BUTTE VALLEY,wait concow travis ninety three will travel till there so three four year mandatory evacuations thirty seven going to wage war i m gonna really get out of camelot the one with dong fire on the roadway around which is a large open area on my way butte valley forty for,0.7576489795918367,Butte_Sheriff_Fire__Paradise_Police,2018-11-08 07:55:55-08:00,2018-11-08 07:55:56-08:00,BOTH
39.7703164,-121.513493,CONCOW,wait concow travis ninety three will travel till there so three four year mandatory evacuations thirty seven going to wage war i m gonna really get out of camelot the one with dong fire on the roadway around which is a large open area on my way butte valley forty for,0.7576489795918367,Butte_Sheriff_Fire__Paradise_Police,2018-11-08 07:55:55-08:00,2018-11-08 07:55:56-08:00,BOTH
39.4954747,-121.5600132,OROVILLE,nord lacking around can you grow here thanks five copies saving and i here now yankee hill seven twenty four all units responding to saving for or at camp incident which you support for command used for for command your katniss eleven fire twenty six idiot oroville repeating all units responding to state for the campus with abuse for for command you re back eleven point five there s traffic,0.8011641791044776,Chico_Paradise_Fire__CalFire,2018-11-08 07:56:49-08:00,2018-11-08 07:56:50-08:00,FIRE
39.6963388,-121.5165419,YANKEE HILL,nord lacking around can you grow here thanks five copies saving and i here now yankee hill seven twenty four all units responding to saving for or at camp incident which you support for command used for for command your katniss eleven fire twenty six idiot oroville repeating all units responding to state for the campus with abuse for for command you re back eleven point five there s traffic,0.8011641791044776,Chico_Paradise_Fire__CalFire,2018-11-08 07:56:49-08:00,2018-11-08 07:56:50-08:00,FIRE
39.7737878,-121.9549057,NORD,nord lacking around can you grow here thanks five copies saving and i here now yankee hill seven twenty four all units responding to saving for or at camp incident which you support for command used for for command your katniss eleven fire twenty six idiot oroville repeating all units responding to state for the campus with abuse for for command you re back eleven point five there s traffic,0.8011641791044776,Chico_Paradise_Fire__CalFire,2018-11-08 07:56:49-08:00,2018-11-08 07:56:50-08:00,FIRE
39.4954747,-121.5600132,OROVILLE,oroville can t bear attacks,0.744075,Chico_Paradise_Fire__CalFire,2018-11-08 07:57:47-08:00,2018-11-08 07:57:48-08:00,FIRE
39.4954747,-121.5600132,OROVILLE,oroville point life or part of it,0.7298571428571428,Oroville_Fire,2018-11-08 07:58:17-08:00,2018-11-08 07:58:18-08:00,FIRE
39.4954747,-121.5600132,OROVILLE,oroville planes in the trailer park wait theo but wait put off what you put on weight,0.7159058823529412,Butte_Sheriff_Fire__Paradise_Police,2018-11-08 07:58:26-08:00,2018-11-08 07:58:27-08:00,BOTH
39.3621693,-121.6970846,GRIDLEY,can it wait forty four okay that s one eight three one one eight three one way and there s that over there really gridley fire,0.6847041666666667,Butte_Sheriff_Fire__Paradise_Police,2018-11-08 08:01:02-08:00,2018-11-08 08:01:02-08:00,BOTH
39.6315367,-121.4053968,BERRY CREEK,one hundred twenty one forty i m forty four very glad you wanted to join a lot of their winter funny berry creek anyone s location for us that s one eight three one one eight three one appletini away eighteen thirty one apple anyway the water center forty forty two zero eight hundred twenty thirty forty years our seventy one twenty three fourteen yankee hill hardware one one three,0.7670646153846153,Chico_Paradise_Fire__CalFire,2018-11-08 08:01:29-08:00,2018-11-08 08:01:30-08:00,FIRE
39.6963388,-121.5165419,YANKEE HILL,one hundred twenty one forty i m forty four very glad you wanted to join a lot of their winter funny berry creek anyone s location for us that s one eight three one one eight three one appletini away eighteen thirty one apple anyway the water center forty forty two zero eight hundred twenty thirty forty years our seventy one twenty three fourteen yankee hill hardware one one three,0.7670646153846153,Chico_Paradise_Fire__CalFire,2018-11-08 08:01:29-08:00,2018-11-08 08:01:30-08:00,FIRE
39.7737878,-121.9549057,NORD,nord wait two seven,0.69035,Oroville_Fire,2018-11-08 08:02:46-08:00,2018-11-08 08:02:48-08:00,FIRE
39.4954747,-121.5600132,OROVILLE,oroville nicer ones back in and responding to the campfire thank you,0.7760833333333333,Chico_Paradise_Fire__CalFire,2018-11-08 08:03:56-08:00,2018-11-08 08:04:00-08:00,FIRE
39.4954747,-121.5600132,OROVILLE,know hard work oroville,0.947225,Chico_Paradise_Fire__CalFire,2018-11-08 08:04:45-08:00,2018-11-08 08:04:45-08:00,FIRE
39.6963388,-121.5165419,YANKEE HILL,the charge of confirming a staging area still yankee hill hard work,0.8060181818181819,Chico_Paradise_Fire__CalFire,2018-11-08 08:05:10-08:00,2018-11-08 08:05:10-08:00,FIRE
39.7554055,-121.8183895,CHICO,five medics responding medical difficulty breathing that wind time fifty five spurs throwed units to five five butte meadows sandy medical difficulty breathing out when time eight five five bruce road unit numbers two five five chico fire radio four,0.8103076923076923,Chico_Police_Dispatch,2018-11-08 08:07:15-08:00,2018-11-08 08:07:16-08:00,POLICE
40.0853613,-121.5423101,BUTTE MEADOWS,five medics responding medical difficulty breathing that wind time fifty five spurs throwed units to five five butte meadows sandy medical difficulty breathing out when time eight five five bruce road unit numbers two five five chico fire radio four,0.8103076923076923,Chico_Police_Dispatch,2018-11-08 08:07:15-08:00,2018-11-08 08:07:16-08:00,POLICE
39.4954747,-121.5600132,OROVILLE,oroville concow the giant phrase twenty one is there a draft in hoxton road with soulful residence he sighs camelot that s where they advise people,0.676284,Chico_Paradise_Fire__CalFire,2018-11-08 08:07:42-08:00,2018-11-08 08:07:45-08:00,FIRE
39.7703164,-121.513493,CONCOW,oroville concow the giant phrase twenty one is there a draft in hoxton road with soulful residence he sighs camelot that s where they advise people,0.676284,Chico_Paradise_Fire__CalFire,2018-11-08 08:07:42-08:00,2018-11-08 08:07:45-08:00,FIRE
39.4954747,-121.5600132,OROVILLE,right oroville for twenty five forty oroville,0.9399857142857143,Chico_Paradise_Fire__CalFire,2018-11-08 08:10:34-08:00,2018-11-08 08:10:34-08:00,FIRE
39.7541919,-121.6064,PARADISE,nord off highway seventy years paradise,0.9523166666666666,Chico_Paradise_Fire__CalFire,2018-11-08 08:10:49-08:00,2018-11-08 08:10:51-08:00,FIRE
37.4828526,-118.602213,PARADISE,nord off highway seventy years paradise,0.9523166666666666,Chico_Paradise_Fire__CalFire,2018-11-08 08:10:49-08:00,2018-11-08 08:10:51-08:00,FIRE
39.7737878,-121.9549057,NORD,nord off highway seventy years paradise,0.9523166666666666,Chico_Paradise_Fire__CalFire,2018-11-08 08:10:49-08:00,2018-11-08 08:10:51-08:00,FIRE
39.6293576,-121.7907705,DURHAM,durham loathe,0.8815,Oroville_Fire,2018-11-08 08:11:49-08:00,2018-11-08 08:11:50-08:00,FIRE
39.4954747,-121.5600132,OROVILLE,affirmative response teo concow that one oroville water ten twenty seven twenty seven eight eleven cherokee,0.76745625,Chico_Paradise_Fire__CalFire,2018-11-08 08:11:57-08:00,2018-11-08 08:11:57-08:00,FIRE
39.7703164,-121.513493,CONCOW,affirmative response teo concow that one oroville water ten twenty seven twenty seven eight eleven cherokee,0.76745625,Chico_Paradise_Fire__CalFire,2018-11-08 08:11:57-08:00,2018-11-08 08:11:57-08:00,FIRE
39.6508775,-121.5336463,CHEROKEE,affirmative response teo concow that one oroville water ten twenty seven twenty seven eight eleven cherokee,0.76745625,Chico_Paradise_Fire__CalFire,2018-11-08 08:11:57-08:00,2018-11-08 08:11:57-08:00,FIRE
39.3621693,-121.6970846,GRIDLEY,displayas fourteen thirteen can you give me a ten point one forty four way to start off on the way don t preparation tonto here alec anymore you know we ve got to go big gridley work that work that way orlando wait that way that number fire forty nord wait wait concow thanks then i ll go out there and if i can get in our way like the organ it was just that concow school than getting all the kids out concow evacuate berry creek with forty people on off i don t know if i m gonna be okay fire great gone off with forty people great there wait it out wait it out but that way,0.802148245614035,Butte_Sheriff_Fire__Paradise_Police,2018-11-08 08:12:30-08:00,2018-11-08 08:12:30-08:00,BOTH
39.6315367,-121.4053968,BERRY CREEK,displayas fourteen thirteen can you give me a ten point one forty four way to start off on the way don t preparation tonto here alec anymore you know we ve got to go big gridley work that work that way orlando wait that way that number fire forty nord wait wait concow thanks then i ll go out there and if i can get in our way like the organ it was just that concow school than getting all the kids out concow evacuate berry creek with forty people on off i don t know if i m gonna be okay fire great gone off with forty people great there wait it out wait it out but that way,0.802148245614035,Butte_Sheriff_Fire__Paradise_Police,2018-11-08 08:12:30-08:00,2018-11-08 08:12:30-08:00,BOTH
39.7703164,-121.513493,CONCOW,displayas fourteen thirteen can you give me a ten point one forty four way to start off on the way don t preparation tonto here alec anymore you know we ve got to go big gridley work that work that way orlando wait that way that number fire forty nord wait wait concow thanks then i ll go out there and if i can get in our way like the organ it was just that concow school than getting all the kids out concow evacuate berry creek with forty people on off i don t know if i m gonna be okay fire great gone off with forty people great there wait it out wait it out but that way,0.802148245614035,Butte_Sheriff_Fire__Paradise_Police,2018-11-08 08:12:30-08:00,2018-11-08 08:12:30-08:00,BOTH
39.7737878,-121.9549057,NORD,displayas fourteen thirteen can you give me a ten point one forty four way to start off on the way don t preparation tonto here alec anymore you know we ve got to go big gridley work that work that way orlando wait that way that number fire forty nord wait wait concow thanks then i ll go out there and if i can get in our way like the organ it was just that concow school than getting all the kids out concow evacuate berry creek with forty people on off i don t know if i m gonna be okay fire great gone off with forty people great there wait it out wait it out but that way,0.802148245614035,Butte_Sheriff_Fire__Paradise_Police,2018-11-08 08:12:30-08:00,2018-11-08 08:12:30-08:00,BOTH
39.7737878,-121.9549057,NORD,nord nord original,0.7282333333333333,Oroville_Fire,2018-11-08 08:12:55-08:00,2018-11-08 08:12:58-08:00,FIRE
39.4954747,-121.5600132,OROVILLE,oroville ready build a fire in the backyard,0.6761250000000001,Chico_Paradise_Fire__CalFire,2018-11-08 08:12:55-08:00,2018-11-08 08:12:56-08:00,FIRE
39.4954747,-121.5600132,OROVILLE,oroville seven i m out with behavior health and with two admirable bank on myers just getting information code for,0.8546947368421053,Oroville_Police_Fire,2018-11-08 08:14:25-08:00,2018-11-08 08:14:26-08:00,BOTH
39.4954747,-121.5600132,OROVILLE,oroville for twenty five forty four years,0.9437142857142857,Chico_Paradise_Fire__CalFire,2018-11-08 08:14:56-08:00,2018-11-08 08:14:56-08:00,FIRE
39.8951785,-121.6704853,FOREST RANCH,not forest ranch dozers straight into what s already been ordered,0.7992666666666667,Oroville_Fire,2018-11-08 08:16:51-08:00,2018-11-08 08:16:54-08:00,FIRE
39.7541919,-121.6064,PARADISE,that place paradise what,0.98525,Chico_Paradise_Fire__CalFire,2018-11-08 08:17:22-08:00,2018-11-08 08:17:23-08:00,FIRE
37.4828526,-118.602213,PARADISE,that place paradise what,0.98525,Chico_Paradise_Fire__CalFire,2018-11-08 08:17:22-08:00,2018-11-08 08:17:23-08:00,FIRE
39.4132906,-121.7100758,BIGGS,grow in areas like biggs evacuation supporters for all their throats schools we re gonna start evacuation orders nord frank,0.6147368421052631,Butte_Sheriff_Fire__Paradise_Police,2018-11-08 08:17:26-08:00,2018-11-08 08:17:27-08:00,BOTH
39.7737878,-121.9549057,NORD,grow in areas like biggs evacuation supporters for all their throats schools we re gonna start evacuation orders nord frank,0.6147368421052631,Butte_Sheriff_Fire__Paradise_Police,2018-11-08 08:17:26-08:00,2018-11-08 08:17:27-08:00,BOTH
39.7541919,-121.6064,PARADISE,going on with you forty eight good on camelot forty eight thirty nine account fire they say when they can t think of the evacuation evacuate i got the event more bill ridge mandatory what was that a warning that loathe working with fire wait forty five oroville going fire paradise along road a barrel i m gonna need ten of your,0.8093983333333334,Butte_Sheriff_Fire__Paradise_Police,2018-11-08 08:19:00-08:00,2018-11-08 08:19:00-08:00,BOTH
37.4828526,-118.602213,PARADISE,going on with you forty eight good on camelot forty eight thirty nine account fire they say when they can t think of the evacuation evacuate i got the event more bill ridge mandatory what was that a warning that loathe working with fire wait forty five oroville going fire paradise along road a barrel i m gonna need ten of your,0.8093983333333334,Butte_Sheriff_Fire__Paradise_Police,2018-11-08 08:19:00-08:00,2018-11-08 08:19:00-08:00,BOTH
39.4954747,-121.5600132,OROVILLE,going on with you forty eight good on camelot forty eight thirty nine account fire they say when they can t think of the evacuation evacuate i got the event more bill ridge mandatory what was that a warning that loathe working with fire wait forty five oroville going fire paradise along road a barrel i m gonna need ten of your,0.8093983333333334,Butte_Sheriff_Fire__Paradise_Police,2018-11-08 08:19:00-08:00,2018-11-08 08:19:00-08:00,BOTH
39.6293576,-121.7907705,DURHAM,engine wait for me right now biggs durham yeah,0.6180666666666667,Butte_Sheriff_Fire__Paradise_Police,2018-11-08 08:19:46-08:00,2018-11-08 08:19:46-08:00,BOTH
39.4132906,-121.7100758,BIGGS,engine wait for me right now biggs durham yeah,0.6180666666666667,Butte_Sheriff_Fire__Paradise_Police,2018-11-08 08:19:46-08:00,2018-11-08 08:19:46-08:00,BOTH
39.4954747,-121.5600132,OROVILLE,throughout areas like makes evacuations supporters for all of them throws ponderosa school we re going to start evacuate quarters just north of phrase nord evacuate nord already in place everything all the way down to the canyon and also we re gonna need to make note of the ponderosa elementary school evacuate that i like twenty one sixteen oroville you come up support to camp i see for that report one incident forty five twenty three breaking forty five or don t go ahead with traffic college,0.8487917647058826,Chico_Paradise_Fire__CalFire,2018-11-08 08:20:08-08:00,2018-11-08 08:20:10-08:00,FIRE
39.7737878,-121.9549057,NORD,throughout areas like makes evacuations supporters for all of them throws ponderosa school we re going to start evacuate quarters just north of phrase nord evacuate nord already in place everything all the way down to the canyon and also we re gonna need to make note of the ponderosa elementary school evacuate that i like twenty one sixteen oroville you come up support to camp i see for that report one incident forty five twenty three breaking forty five or don t go ahead with traffic college,0.8487917647058826,Chico_Paradise_Fire__CalFire,2018-11-08 08:20:08-08:00,2018-11-08 08:20:10-08:00,FIRE
39.7737878,-121.9549057,NORD,ladies wear right on the property wait anywhere wait thank you that was a it s over you know richvale never never wait what s the best nord wagstaff if they are waiting for you fire again wait nord evacuate about half way,0.6849487804878048,Butte_Sheriff_Fire__Paradise_Police,2018-11-08 08:23:13-08:00,2018-11-08 08:23:18-08:00,BOTH
39.4937385,-121.7507688,RICHVALE,ladies wear right on the property wait anywhere wait thank you that was a it s over you know richvale never never wait what s the best nord wagstaff if they are waiting for you fire again wait nord evacuate about half way,0.6849487804878048,Butte_Sheriff_Fire__Paradise_Police,2018-11-08 08:23:13-08:00,2018-11-08 08:23:18-08:00,BOTH
39.7703164,-121.513493,CONCOW,and just coming in for a shutoff concow area we have multiple lines wait i don t have a utility forty for out here with fire like making a video run twenty one area come,0.8831205882352942,Butte_Sheriff_Fire__Paradise_Police,2018-11-08 08:23:47-08:00,2018-11-08 08:23:51-08:00,BOTH
39.7703164,-121.513493,CONCOW,what s going on over here we have the adult is older shelters protect president inside the hospital area the power cut off concow area we have and i have forty for out here with fire with twenty one,0.9251105263157896,Chico_Paradise_Fire__CalFire,2018-11-08 08:24:29-08:00,2018-11-08 08:24:30-08:00,FIRE
39.4954747,-121.5600132,OROVILLE,can like the oroville that way,0.6387166666666667,Butte_Sheriff_Fire__Paradise_Police,2018-11-08 08:26:06-08:00,2018-11-08 08:26:09-08:00,BOTH
39.4954747,-121.5600132,OROVILLE,twenty one strand for twenty three forty six response to camp david seventy five oroville track united golfing if you don t find seventy special oroville covered their wants twenty nine that too medical seven nine seven elliot wrote it s not over butte meadows medical possible cardiac seven nine seven elliot road berkus auto repair please dr fuller place twenty nine,0.7393576271186441,Chico_Paradise_Fire__CalFire,2018-11-08 08:30:07-08:00,2018-11-08 08:30:08-08:00,FIRE
40.0853613,-121.5423101,BUTTE MEADOWS,twenty one strand for twenty three forty six response to camp david seventy five oroville track united golfing if you don t find seventy special oroville covered their wants twenty nine that too medical seven nine seven elliot wrote it s not over butte meadows medical possible cardiac seven nine seven elliot road berkus auto repair please dr fuller place twenty nine,0.7393576271186441,Chico_Paradise_Fire__CalFire,2018-11-08 08:30:07-08:00,2018-11-08 08:30:08-08:00,FIRE
39.7703164,-121.513493,CONCOW,fighting division are great pork teo wayne concow wait where were you seven back that,0.5090933333333332,Butte_Sheriff_Fire__Paradise_Police,2018-11-08 08:30:21-08:00,2018-11-08 08:30:21-08:00,BOTH
39.7703164,-121.513493,CONCOW,fighting report teo criticsclaims concow road wei have any other tax for this area,0.7653285714285714,Chico_Paradise_Fire__CalFire,2018-11-08 08:30:39-08:00,2018-11-08 08:30:44-08:00,FIRE
39.7541919,-121.6064,PARADISE,i have been expecting a possible cardiac seven nine elliot road auto repair between writhe no other reason paradise,0.7913789473684211,Oroville_Fire,2018-11-08 08:30:44-08:00,2018-11-08 08:30:45-08:00,FIRE
37.4828526,-118.602213,PARADISE,i have been expecting a possible cardiac seven nine elliot road auto repair between writhe no other reason paradise,0.7913789473684211,Oroville_Fire,2018-11-08 08:30:44-08:00,2018-11-08 08:30:45-08:00,FIRE
39.7541919,-121.6064,PARADISE,for golf thirty four twenty nine oroville home guard evacuated first paradise fire nord ridgeway over home park is about nord,0.8505809523809523,Butte_Sheriff_Fire__Paradise_Police,2018-11-08 08:34:24-08:00,2018-11-08 08:34:24-08:00,BOTH
37.4828526,-118.602213,PARADISE,for golf thirty four twenty nine oroville home guard evacuated first paradise fire nord ridgeway over home park is about nord,0.8505809523809523,Butte_Sheriff_Fire__Paradise_Police,2018-11-08 08:34:24-08:00,2018-11-08 08:34:24-08:00,BOTH
39.4954747,-121.5600132,OROVILLE,for golf thirty four twenty nine oroville home guard evacuated first paradise fire nord ridgeway over home park is about nord,0.8505809523809523,Butte_Sheriff_Fire__Paradise_Police,2018-11-08 08:34:24-08:00,2018-11-08 08:34:24-08:00,BOTH
39.7737878,-121.9549057,NORD,for golf thirty four twenty nine oroville home guard evacuated first paradise fire nord ridgeway over home park is about nord,0.8505809523809523,Butte_Sheriff_Fire__Paradise_Police,2018-11-08 08:34:24-08:00,2018-11-08 08:34:24-08:00,BOTH
39.4954747,-121.5600132,OROVILLE,you can t fight me oroville wait,0.5202666666666667,Butte_Sheriff_Fire__Paradise_Police,2018-11-08 08:36:02-08:00,2018-11-08 08:36:02-08:00,BOTH
39.4954747,-121.5600132,OROVILLE,united fifty for golf south oroville thank you thank you everyone nineteen thirty one charlie oroville thirty one charlie three thirty four forty two,0.8910304347826089,Chico_Paradise_Fire__CalFire,2018-11-08 08:36:15-08:00,2018-11-08 08:36:15-08:00,FIRE
39.4954747,-121.5600132,OROVILLE,oroville place nord a lot of things,0.9273142857142856,Chico_Paradise_Fire__CalFire,2018-11-08 08:36:23-08:00,2018-11-08 08:36:24-08:00,FIRE
39.7737878,-121.9549057,NORD,oroville place nord a lot of things,0.9273142857142856,Chico_Paradise_Fire__CalFire,2018-11-08 08:36:23-08:00,2018-11-08 08:36:24-08:00,FIRE
39.7737878,-121.9549057,NORD,doing your nord come back okay wait well you know,0.7522,Oroville_Fire,2018-11-08 08:36:53-08:00,2018-11-08 08:36:53-08:00,FIRE
39.7737878,-121.9549057,NORD,nord,0.676,Oroville_Fire,2018-11-08 08:41:05-08:00,2018-11-08 08:41:05-08:00,FIRE
39.4954747,-121.5600132,OROVILLE,oroville forty one,0.9942666666666667,Chico_Paradise_Fire__CalFire,2018-11-08 08:41:07-08:00,2018-11-08 08:41:08-08:00,FIRE
39.7541919,-121.6064,PARADISE,we don t either yet we re working on that fire aboutthe but don t wear home fire right here waiting in the road and the paradise structures on fire you re not even have a retirement home on the patio we won where do you want closure that way for requesting a road closure,0.823521568627451,Butte_Sheriff_Fire__Paradise_Police,2018-11-08 08:41:23-08:00,2018-11-08 08:41:25-08:00,BOTH
37.4828526,-118.602213,PARADISE,we don t either yet we re working on that fire aboutthe but don t wear home fire right here waiting in the road and the paradise structures on fire you re not even have a retirement home on the patio we won where do you want closure that way for requesting a road closure,0.823521568627451,Butte_Sheriff_Fire__Paradise_Police,2018-11-08 08:41:23-08:00,2018-11-08 08:41:25-08:00,BOTH
39.7737878,-121.9549057,NORD,one start nord coming around,0.66468,Chico_Paradise_Fire__CalFire,2018-11-08 08:41:55-08:00,2018-11-08 08:41:55-08:00,FIRE
39.6688044,-121.6458891,BUTTE VALLEY,butte valley way you can scream really cool construed in highway seventy four forty three,0.6005285714285714,Oroville_Fire,2018-11-08 08:44:41-08:00,2018-11-08 08:44:41-08:00,FIRE
39.7703164,-121.513493,CONCOW,hello what are clear what s going on closure knowing a lot of that all right kelly ridge the return of the one four five there we re working on it with wait let me know thirty years coming early you don t know or sixty nine ninety five for the north of the park wait for one one for concow coordinating a pick up,0.7742557377049181,Butte_Sheriff_Fire__Paradise_Police,2018-11-08 08:44:58-08:00,2018-11-08 08:45:07-08:00,BOTH
39.7541919,-121.6064,PARADISE,wait no paradise tio i,0.62704,Butte_Sheriff_Fire__Paradise_Police,2018-11-08 08:45:23-08:00,2018-11-08 08:45:23-08:00,BOTH
37.4828526,-118.602213,PARADISE,wait no paradise tio i,0.62704,Butte_Sheriff_Fire__Paradise_Police,2018-11-08 08:45:23-08:00,2018-11-08 08:45:23-08:00,BOTH
39.7541919,-121.6064,PARADISE,twenty one five fire county fire fellas carl phrase a new spring valley school intro to highway seventy camp camp operations for forty three forty one oroville phrase you can t you have covered forty pound paradise all the resources committed to kansas everyone comfy,0.8027545454545454,Chico_Paradise_Fire__CalFire,2018-11-08 08:45:41-08:00,2018-11-08 08:45:41-08:00,FIRE
37.4828526,-118.602213,PARADISE,twenty one five fire county fire fellas carl phrase a new spring valley school intro to highway seventy camp camp operations for forty three forty one oroville phrase you can t you have covered forty pound paradise all the resources committed to kansas everyone comfy,0.8027545454545454,Chico_Paradise_Fire__CalFire,2018-11-08 08:45:41-08:00,2018-11-08 08:45:41-08:00,FIRE
39.4954747,-121.5600132,OROVILLE,twenty one five fire county fire fellas carl phrase a new spring valley school intro to highway seventy camp camp operations for forty three forty one oroville phrase you can t you have covered forty pound paradise all the resources committed to kansas everyone comfy,0.8027545454545454,Chico_Paradise_Fire__CalFire,2018-11-08 08:45:41-08:00,2018-11-08 08:45:41-08:00,FIRE
39.7737878,-121.9549057,NORD,don t know thirty four nord that vision that way of course down well nor comfort,0.6802333333333334,Butte_Sheriff_Fire__Paradise_Police,2018-11-08 08:45:52-08:00,2018-11-08 08:45:53-08:00,BOTH
39.7737878,-121.9549057,NORD,they don t want to wait nord,0.6185833333333334,Butte_Sheriff_Fire__Paradise_Police,2018-11-08 08:47:27-08:00,2018-11-08 08:47:29-08:00,BOTH
39.7737878,-121.9549057,NORD,okay yeah it s coming it s coming up fire nord,0.7279444444444444,Oroville_Fire,2018-11-08 08:47:40-08:00,2018-11-08 08:47:41-08:00,FIRE
39.4954747,-121.5600132,OROVILLE,oroville under nine one forty six,0.7484666666666667,Chico_Paradise_Fire__CalFire,2018-11-08 08:48:11-08:00,2018-11-08 08:48:11-08:00,FIRE
39.6315367,-121.4053968,BERRY CREEK,berry creek information i got meryl evacuate nord pounds over weight thirty four over and,0.7641714285714285,Butte_Sheriff_Fire__Paradise_Police,2018-11-08 08:48:15-08:00,2018-11-08 08:48:15-08:00,BOTH
39.7737878,-121.9549057,NORD,berry creek information i got meryl evacuate nord pounds over weight thirty four over and,0.7641714285714285,Butte_Sheriff_Fire__Paradise_Police,2018-11-08 08:48:15-08:00,2018-11-08 08:48:15-08:00,BOTH
39.6315367,-121.4053968,BERRY CREEK,out coordinate with the unis went south flower where they re out on the evacuation berry creek fire mobile over,0.7008277777777779,Butte_Sheriff_Fire__Paradise_Police,2018-11-08 08:48:59-08:00,2018-11-08 08:49:00-08:00,BOTH
39.7541919,-121.6064,PARADISE,here medic one for two concow won one for concow i ve got a mandatory evacuation order four five eleven and all the way from magalia everything there get it open for the road lane out of paradise without traffic,0.7769051282051281,Butte_Sheriff_Fire__Paradise_Police,2018-11-08 08:50:21-08:00,2018-11-08 08:50:23-08:00,BOTH
37.4828526,-118.602213,PARADISE,here medic one for two concow won one for concow i ve got a mandatory evacuation order four five eleven and all the way from magalia everything there get it open for the road lane out of paradise without traffic,0.7769051282051281,Butte_Sheriff_Fire__Paradise_Police,2018-11-08 08:50:21-08:00,2018-11-08 08:50:23-08:00,BOTH
39.8186978,-121.60782,MAGALIA,here medic one for two concow won one for concow i ve got a mandatory evacuation order four five eleven and all the way from magalia everything there get it open for the road lane out of paradise without traffic,0.7769051282051281,Butte_Sheriff_Fire__Paradise_Police,2018-11-08 08:50:21-08:00,2018-11-08 08:50:23-08:00,BOTH
39.7703164,-121.513493,CONCOW,here medic one for two concow won one for concow i ve got a mandatory evacuation order four five eleven and all the way from magalia everything there get it open for the road lane out of paradise without traffic,0.7769051282051281,Butte_Sheriff_Fire__Paradise_Police,2018-11-08 08:50:21-08:00,2018-11-08 08:50:23-08:00,BOTH
39.3760873,-121.4116537,BANGOR,do you want the ways of the area on the bike path to becoming a person bangor palabras nothing directions otherwise unable to locate the only thing we have is on the bike path close to the bridge and this effect was not moving but appear to be breathing i have no further information and no number the call back and when i say i can copy we have four inundated with my woman calls from this guy are you available from alberta available for the night,0.8526655172413793,Chico_Police_Dispatch,2018-11-08 08:50:42-08:00,2018-11-08 08:50:43-08:00,POLICE
39.7554055,-121.8183895,CHICO,chico highway are we diverting a different direction teo,0.7713222222222222,Chico_Police_Dispatch,2018-11-08 08:50:57-08:00,2018-11-08 08:51:01-08:00,POLICE
39.6293576,-121.7907705,DURHAM,durham can your old donations back twenty six twenty seven twenty eight wasting your shortly in in in its name three two like that,0.7520708333333334,Oroville_Fire,2018-11-08 08:50:59-08:00,2018-11-08 08:51:05-08:00,FIRE
39.3621693,-121.6970846,GRIDLEY,twenty six twenty seven twenty eight it also has one gridley responding and sort of fifteen like,0.7731588235294118,Chico_Paradise_Fire__CalFire,2018-11-08 08:51:33-08:00,2018-11-08 08:51:33-08:00,FIRE
39.7541919,-121.6064,PARADISE,paradise way have a heart closure proved that warning upper honey there s only one way he ll go for more than just three of the four hey run lower down part five four three park road wait five four three park road wait we re still working on that way haven t gotten or or fire nord oroville going traveling bangor a separate unit device somewhere evacuate it go again for the retirement home delivery evacuate rude working go back you don t find gold liggio nord so i m stuck here on the barrel right now there s no work people nord,0.8348835051546392,Butte_Sheriff_Fire__Paradise_Police,2018-11-08 08:54:37-08:00,2018-11-08 08:54:37-08:00,BOTH
37.4828526,-118.602213,PARADISE,paradise way have a heart closure proved that warning upper honey there s only one way he ll go for more than just three of the four hey run lower down part five four three park road wait five four three park road wait we re still working on that way haven t gotten or or fire nord oroville going traveling bangor a separate unit device somewhere evacuate it go again for the retirement home delivery evacuate rude working go back you don t find gold liggio nord so i m stuck here on the barrel right now there s no work people nord,0.8348835051546392,Butte_Sheriff_Fire__Paradise_Police,2018-11-08 08:54:37-08:00,2018-11-08 08:54:37-08:00,BOTH
39.4954747,-121.5600132,OROVILLE,paradise way have a heart closure proved that warning upper honey there s only one way he ll go for more than just three of the four hey run lower down part five four three park road wait five four three park road wait we re still working on that way haven t gotten or or fire nord oroville going traveling bangor a separate unit device somewhere evacuate it go again for the retirement home delivery evacuate rude working go back you don t find gold liggio nord so i m stuck here on the barrel right now there s no work people nord,0.8348835051546392,Butte_Sheriff_Fire__Paradise_Police,2018-11-08 08:54:37-08:00,2018-11-08 08:54:37-08:00,BOTH
39.3760873,-121.4116537,BANGOR,paradise way have a heart closure proved that warning upper honey there s only one way he ll go for more than just three of the four hey run lower down part five four three park road wait five four three park road wait we re still working on that way haven t gotten or or fire nord oroville going traveling bangor a separate unit device somewhere evacuate it go again for the retirement home delivery evacuate rude working go back you don t find gold liggio nord so i m stuck here on the barrel right now there s no work people nord,0.8348835051546392,Butte_Sheriff_Fire__Paradise_Police,2018-11-08 08:54:37-08:00,2018-11-08 08:54:37-08:00,BOTH
39.7737878,-121.9549057,NORD,paradise way have a heart closure proved that warning upper honey there s only one way he ll go for more than just three of the four hey run lower down part five four three park road wait five four three park road wait we re still working on that way haven t gotten or or fire nord oroville going traveling bangor a separate unit device somewhere evacuate it go again for the retirement home delivery evacuate rude working go back you don t find gold liggio nord so i m stuck here on the barrel right now there s no work people nord,0.8348835051546392,Butte_Sheriff_Fire__Paradise_Police,2018-11-08 08:54:37-08:00,2018-11-08 08:54:37-08:00,BOTH
39.4954747,-121.5600132,OROVILLE,that mobile home park five four three six part road fifty two if you want utilities four four fire norman oroville medical a straight road phrase medic seventy,0.8057749999999999,Chico_Paradise_Fire__CalFire,2018-11-08 08:55:15-08:00,2018-11-08 08:55:15-08:00,FIRE
39.7554055,-121.8183895,CHICO,twenty nine one hundred when you get here gonna have you on my way yourself dominic too divert traffic thirty seven when i once we get additional assets will need a couple more here with conversation one hundred twenty and it s completely backed up i know it now but if you feel like it dominic cover if you want just work on the oncoming side up here chico,0.8456588235294117,Chico_Police_Dispatch,2018-11-08 08:55:52-08:00,2018-11-08 08:55:55-08:00,POLICE
39.4954747,-121.5600132,OROVILLE,one eighty five oroville fire medic responding confirming highway ninety nine,0.8698818181818182,Chico_Paradise_Fire__CalFire,2018-11-08 08:56:17-08:00,2018-11-08 08:56:17-08:00,FIRE
39.3325914,-121.5387589,HONCUT,come here get on here bruce divert traffic back down on highway towards the freeway supporters of honcut,0.8346611111111111,Chico_Police_Dispatch,2018-11-08 08:56:40-08:00,2018-11-08 08:56:40-08:00,POLICE
39.4954747,-121.5600132,OROVILLE,twenty one eighty five oroville nord stop messing around the right size one available on contact way to get out of the way,0.8042434782608695,Chico_Paradise_Fire__CalFire,2018-11-08 08:57:23-08:00,2018-11-08 08:57:24-08:00,FIRE
39.7737878,-121.9549057,NORD,twenty one eighty five oroville nord stop messing around the right size one available on contact way to get out of the way,0.8042434782608695,Chico_Paradise_Fire__CalFire,2018-11-08 08:57:23-08:00,2018-11-08 08:57:24-08:00,FIRE
39.6315367,-121.4053968,BERRY CREEK,got that one what do we owe you find nord find us order for help wait what they had and we re working on twenty four that s very companies what playing it like they found on park teo packed up that radio priority why didn t you ever go wait wait berry creek route all available resources,0.8115055555555556,Butte_Sheriff_Fire__Paradise_Police,2018-11-08 08:57:35-08:00,2018-11-08 08:57:35-08:00,BOTH
39.7737878,-121.9549057,NORD,got that one what do we owe you find nord find us order for help wait what they had and we re working on twenty four that s very companies what playing it like they found on park teo packed up that radio priority why didn t you ever go wait wait berry creek route all available resources,0.8115055555555556,Butte_Sheriff_Fire__Paradise_Police,2018-11-08 08:57:35-08:00,2018-11-08 08:57:35-08:00,BOTH
39.4954747,-121.5600132,OROVILLE,forty one oroville you copies for the twenty twenty twenty one twenty meadows valley how oroville twenty one here you wanted to,0.7056045454545454,Chico_Paradise_Fire__CalFire,2018-11-08 09:01:18-08:00,2018-11-08 09:01:19-08:00,FIRE
39.7703164,-121.513493,CONCOW,double fire now forty eight which road is that hello concow zero visibility in the heart area that way how was patrol they re allocated first request,0.7376846153846154,Butte_Sheriff_Fire__Paradise_Police,2018-11-08 09:02:49-08:00,2018-11-08 09:02:52-08:00,BOTH
39.7541919,-121.6064,PARADISE,seventy four seventy one twenty one paradise fire twenty no,0.9794700000000001,Butte_Sheriff_Fire__Paradise_Police,2018-11-08 09:03:07-08:00,2018-11-08 09:03:08-08:00,BOTH
37.4828526,-118.602213,PARADISE,seventy four seventy one twenty one paradise fire twenty no,0.9794700000000001,Butte_Sheriff_Fire__Paradise_Police,2018-11-08 09:03:07-08:00,2018-11-08 09:03:08-08:00,BOTH
39.7554055,-121.8183895,CHICO,that leaving the hospital we ll have to try exports please wait come on clark clark like i like that idea forty six forty six and twenty two daniel parker billy i need two more that way that filling wait really that way what are you wearing a parka billy fire chico wait wait before moving moving way traffic moving now never all traffic to be moving all traffic moving way nord found my way first traffic moving now you,0.772167088607595,Butte_Sheriff_Fire__Paradise_Police,2018-11-08 09:05:44-08:00,2018-11-08 09:05:48-08:00,BOTH
39.7737878,-121.9549057,NORD,that leaving the hospital we ll have to try exports please wait come on clark clark like i like that idea forty six forty six and twenty two daniel parker billy i need two more that way that filling wait really that way what are you wearing a parka billy fire chico wait wait before moving moving way traffic moving now never all traffic to be moving all traffic moving way nord found my way first traffic moving now you,0.772167088607595,Butte_Sheriff_Fire__Paradise_Police,2018-11-08 09:05:44-08:00,2018-11-08 09:05:48-08:00,BOTH
39.8951785,-121.6704853,FOREST RANCH,is crossing a road at fourth glen road road at forest ranch road on the road,0.8161866666666668,Butte_Sheriff_Fire__Paradise_Police,2018-11-08 09:06:13-08:00,2018-11-08 09:06:14-08:00,BOTH
39.7703164,-121.513493,CONCOW,what are you wait now that concow way contact with county rib concow wait i m sorry i don t know where that being concow is still the hardware store nord drink completely alone of course wait mark count twenty five fifty four billion twenty seven billy traffic fire twenty six center,0.827086,Butte_Sheriff_Fire__Paradise_Police,2018-11-08 09:10:45-08:00,2018-11-08 09:10:55-08:00,BOTH
39.7737878,-121.9549057,NORD,what are you wait now that concow way contact with county rib concow wait i m sorry i don t know where that being concow is still the hardware store nord drink completely alone of course wait mark count twenty five fifty four billion twenty seven billy traffic fire twenty six center,0.827086,Butte_Sheriff_Fire__Paradise_Police,2018-11-08 09:10:45-08:00,2018-11-08 09:10:55-08:00,BOTH
39.8186978,-121.60782,MAGALIA,on a barrel of that sort magalia area so wait i don t like the way my recommendation is everything from from the way,0.7576913043478261,Butte_Sheriff_Fire__Paradise_Police,2018-11-08 09:12:25-08:00,2018-11-08 09:12:26-08:00,BOTH
